question,answer,category,keywords,original_title,original_publish_date,source_department,original_url,post_id,confidence_score,created_at
这学期期末考试时间是怎么安排的？,2024、2025级考试周为第17周周一至第18周周三（2025年12月22日至12月31日），其他年级为第19、20周（2026年1月5日至1月16日）。,教务教学,期末考试 时间安排 考试周 座位安排 公共课,本科生2025-2026学年第一学期期末考试工作安排,2025.12.11,考试,https://jw.scut.edu.cn/zhinan/cms/article/view.do?type=posts&id=eec18a7b9a81cf00019b0ca53a56002a,eec18a7b9a81cf00019b0ca53a56002a,0.8,2026-06-06 16:42:18
考试每天几点考？座位怎么安排？,考试时间两小时，上午9:00-11:00，下午15:00-17:00，晚上19:00-21:00。座位按双隔位安排。,教务教学,期末考试 时间安排 考试周 座位安排 公共课,本科生2025-2026学年第一学期期末考试工作安排,2025.12.11,考试,https://jw.scut.edu.cn/zhinan/cms/article/view.do?type=posts&id=eec18a7b9a81cf00019b0ca53a56002a,eec18a7b9a81cf00019b0ca53a56002a,0.8,2026-06-06 16:42:18
专业选修课选课时间是什么时候？,第一轮：2025年12月29日9:00至2026年1月4日9:00；第二轮：2026年1月5日13:00至1月7日12:00；第四轮（退改选）：2026年3月9日13:00至3月13日9:00。,教务教学,选课 专业选修课 时间安排 选课原则 退改选,关于2025-2026学年第二学期专业选修课网上选课的通知,2025.12.26,选课,https://jw.scut.edu.cn/zhinan/cms/article/view.do?type=posts&id=eec18a7b9b43f62c019b5871f130000a,eec18a7b9b43f62c019b5871f130000a,0.8,2026-06-06 16:42:22
专业选修课选课原则是什么？,第一轮非先报先得，不设名额上限；第二轮有名额限制的课程先报先得。,教务教学,选课 专业选修课 时间安排 选课原则 退改选,关于2025-2026学年第二学期专业选修课网上选课的通知,2025.12.26,选课,https://jw.scut.edu.cn/zhinan/cms/article/view.do?type=posts&id=eec18a7b9b43f62c019b5871f130000a,eec18a7b9b43f62c019b5871f130000a,0.8,2026-06-06 16:42:22
如何进行专业选修课的退改选？,本学院学生在‘自主选课-主修课程’退改选，跨学院学生在‘自主选课-跨学院选课’退改选。第四轮选课期间进行。,教务教学,选课 专业选修课 时间安排 选课原则 退改选,关于2025-2026学年第二学期专业选修课网上选课的通知,2025.12.26,选课,https://jw.scut.edu.cn/zhinan/cms/article/view.do?type=posts&id=eec18a7b9b43f62c019b5871f130000a,eec18a7b9b43f62c019b5871f130000a,0.8,2026-06-06 16:42:22
百步梯通识教育课程什么时候选课？,2025年12月29日上午8:00至12月30日上午9:00。,教务教学,选课 通识教育 百步梯 学分要求 选课时间,关于开展2025-2026学年第二学期百步梯创新学院通识教育课程网上选课工作的通知,2025.12.26,选课,https://jw.scut.edu.cn/zhinan/cms/article/view.do?type=posts&id=eec18a7b9b43f62c019b58b40101000d,eec18a7b9b43f62c019b58b40101000d,0.8,2026-06-06 16:42:25
选课有什么学分要求？,需在“四史”中选1门必修，至少修2学分公共艺术通识课，其余不足学分可从全校通识课中选修。,教务教学,选课 通识教育 百步梯 学分要求 选课时间,关于开展2025-2026学年第二学期百步梯创新学院通识教育课程网上选课工作的通知,2025.12.26,选课,https://jw.scut.edu.cn/zhinan/cms/article/view.do?type=posts&id=eec18a7b9b43f62c019b58b40101000d,eec18a7b9b43f62c019b58b40101000d,0.8,2026-06-06 16:42:25
选课是先到先得吗？,不是，选课不设名额上限，选课结束后系统根据课程容量随机筛选，保证每人至少修读一门。,教务教学,选课 通识教育 百步梯 学分要求 选课时间,关于开展2025-2026学年第二学期百步梯创新学院通识教育课程网上选课工作的通知,2025.12.26,选课,https://jw.scut.edu.cn/zhinan/cms/article/view.do?type=posts&id=eec18a7b9b43f62c019b58b40101000d,eec18a7b9b43f62c019b58b40101000d,0.8,2026-06-06 16:42:25
跨学院选课什么时候开始？,2026年1月9日13:00至1月14日9:00进行选课，退改选在2026年3月9日13:00至3月13日9:00。,教务教学,跨学院选课 选课时间 选课对象 名额限制,关于2025-2026学年第二学期跨学院修课网上选课的通知,2025.12.30,选课,https://jw.scut.edu.cn/zhinan/cms/article/view.do?type=posts&id=eec18a7b9b43f62c019b6e2fc6e70016,eec18a7b9b43f62c019b6e2fc6e70016,0.8,2026-06-06 16:42:28
哪些学生可以参加跨学院选课？,全校在读本科生均可参加，五山和大学城校区课程面向两校区学生，广州国际校区课程面向该校区学生。,教务教学,跨学院选课 选课时间 选课对象 名额限制,关于2025-2026学年第二学期跨学院修课网上选课的通知,2025.12.30,选课,https://jw.scut.edu.cn/zhinan/cms/article/view.do?type=posts&id=eec18a7b9b43f62c019b6e2fc6e70016,eec18a7b9b43f62c019b6e2fc6e70016,0.8,2026-06-06 16:42:28
每人最多能选几门跨学院课程？,每位学生最多可选3门跨学院选课课程。,教务教学,跨学院选课 选课时间 选课对象 名额限制,关于2025-2026学年第二学期跨学院修课网上选课的通知,2025.12.30,选课,https://jw.scut.edu.cn/zhinan/cms/article/view.do?type=posts&id=eec18a7b9b43f62c019b6e2fc6e70016,eec18a7b9b43f62c019b6e2fc6e70016,0.8,2026-06-06 16:42:28
通识教育课程选课时间是什么时候？,第一轮：1月8日10:00至1月12日9:00；第二轮：1月14日13:00至1月16日9:00；第三轮：3月27日13:00至4月1日9:00。,教务教学,通识教育课程 选课时间 选课规则 退选,关于2025-2026学年第二学期通识教育课程网上选课的通知,2026.01.05,选课,https://jw.scut.edu.cn/zhinan/cms/article/view.do?type=posts&id=eec18a7b9b43f62c019b8b8d27190025,eec18a7b9b43f62c019b8b8d27190025,0.8,2026-06-06 16:42:32
通识教育课程的选课规则是什么？,第一轮不设名额上限，按优先级筛选；第二轮先报先得；第三轮试听后退改选。每学期最多选两门。,教务教学,通识教育课程 选课时间 选课规则 退选,关于2025-2026学年第二学期通识教育课程网上选课的通知,2026.01.05,选课,https://jw.scut.edu.cn/zhinan/cms/article/view.do?type=posts&id=eec18a7b9b43f62c019b8b8d27190025,eec18a7b9b43f62c019b8b8d27190025,0.8,2026-06-06 16:42:32
通识教育课程可以退选吗？,第三轮可退选，语言类课程除外。退选后名额放出供其他学生选课。,教务教学,通识教育课程 选课时间 选课规则 退选,关于2025-2026学年第二学期通识教育课程网上选课的通知,2026.01.05,选课,https://jw.scut.edu.cn/zhinan/cms/article/view.do?type=posts&id=eec18a7b9b43f62c019b8b8d27190025,eec18a7b9b43f62c019b8b8d27190025,0.8,2026-06-06 16:42:32
重考的报名时间是什么时候？,2026年3月4日上午9:00至3月11日上午9:00。,教务教学,重考报名 网上报名 考试安排 2025-2026学年,关于2025-2026学年第二期学生重考网上报名的通知,2026.01.15,考试,https://jw.scut.edu.cn/zhinan/cms/article/view.do?type=posts&id=eec18a7b9b43f62c019bbf1e52bc0039,eec18a7b9b43f62c019bbf1e52bc0039,0.8,2026-06-06 16:42:36
哪些课程可以申请重考？,2025-2026学年第一学期首次考核不及格的必修课和专业选修课，缺考者不能报名。,教务教学,重考报名 网上报名 考试安排 2025-2026学年,关于2025-2026学年第二期学生重考网上报名的通知,2026.01.15,考试,https://jw.scut.edu.cn/zhinan/cms/article/view.do?type=posts&id=eec18a7b9b43f62c019bbf1e52bc0039,eec18a7b9b43f62c019bbf1e52bc0039,0.8,2026-06-06 16:42:36
如何报名重考？,在规定时间内登录报名系统（http://xsjw2018.jw.scut.edu.cn），使用统一认证账号密码进行网上报名。,教务教学,重考报名 网上报名 考试安排 2025-2026学年,关于2025-2026学年第二期学生重考网上报名的通知,2026.01.15,考试,https://jw.scut.edu.cn/zhinan/cms/article/view.do?type=posts&id=eec18a7b9b43f62c019bbf1e52bc0039,eec18a7b9b43f62c019bbf1e52bc0039,0.8,2026-06-06 16:42:36
2025-2026学年第二学期重修报名时间是什么时候？,2026年3月4日上午9:00开始，3月25日上午9:00结束。,教务教学,重修报名 网上报名 2025-2026第二学期 结业生 教务员,关于2025-2026学年第二学期重修网上报名的通知,2026.01.15,选课,https://jw.scut.edu.cn/zhinan/cms/article/view.do?type=posts&id=eec18a7b9b43f62c019bbf216205003a,eec18a7b9b43f62c019bbf216205003a,0.8,2026-06-06 16:42:41
重修网上报名怎么操作？,登录http://xsjw2018.jw.scut.edu.cn，使用统一认证账号密码登录后操作。,教务教学,重修报名 网上报名 2025-2026第二学期 结业生 教务员,关于2025-2026学年第二学期重修网上报名的通知,2026.01.15,选课,https://jw.scut.edu.cn/zhinan/cms/article/view.do?type=posts&id=eec18a7b9b43f62c019bbf216205003a,eec18a7b9b43f62c019bbf216205003a,0.8,2026-06-06 16:42:41
结业生如何报名重修？,通过学校主页门户，进入办事大厅->本科生结业修读课程申请，提交申请并缴费，审核通过即完成报名。,教务教学,重修报名 网上报名 2025-2026第二学期 结业生 教务员,关于2025-2026学年第二学期重修网上报名的通知,2026.01.15,选课,https://jw.scut.edu.cn/zhinan/cms/article/view.do?type=posts&id=eec18a7b9b43f62c019bbf216205003a,eec18a7b9b43f62c019bbf216205003a,0.8,2026-06-06 16:42:41
公共体育课选课时间是什么时候？,第一轮：3月2日09:00至3月4日10:00，不设名额上限；第二轮：3月5日13:00至3月6日11:00，先报先得；第三轮：3月9日09:00至3月11日17:00。,教务教学,选课 体育课 游泳普及 课程名称 选课时间,关于2025-2026学年第二学期公共体育课网上选课的通知,2026.02.27,选课,https://jw.scut.edu.cn/zhinan/cms/article/view.do?type=posts&id=eec18a7b9b43f62c019c9cd92bf9004a,eec18a7b9b43f62c019c9cd92bf9004a,0.8,2026-06-06 16:42:46
游泳普及课有什么要求？,未通过游泳达标测试的2025级本科生必须选游泳普及课；已通过的学生请选其他项目。五山校区游泳课前八周在道明游泳馆，后八周在东区游泳池。,教务教学,选课 体育课 游泳普及 课程名称 选课时间,关于2025-2026学年第二学期公共体育课网上选课的通知,2026.02.27,选课,https://jw.scut.edu.cn/zhinan/cms/article/view.do?type=posts&id=eec18a7b9b43f62c019c9cd92bf9004a,eec18a7b9b43f62c019c9cd92bf9004a,0.8,2026-06-06 16:42:46
体育课课程名称有变化吗？,课程名称按开课学期细化，如《篮球》变为《篮球Ⅱ》《篮球Ⅲ》《篮球Ⅳ》，但学分和修读要求不变。,教务教学,选课 体育课 游泳普及 课程名称 选课时间,关于2025-2026学年第二学期公共体育课网上选课的通知,2026.02.27,选课,https://jw.scut.edu.cn/zhinan/cms/article/view.do?type=posts&id=eec18a7b9b43f62c019c9cd92bf9004a,eec18a7b9b43f62c019c9cd92bf9004a,0.8,2026-06-06 16:42:46
《管理哲学》通识课为什么停开了？,任课教师因病请假，无法完成教学任务，故学校决定取消该课程。,教务教学,管理哲学 通识课 停开 第三轮选课 因病请假,关于通识课《管理哲学：“一带一路”视野下的管理学底层逻辑》停开的通知,2026.02.27,选课,https://jw.scut.edu.cn/zhinan/cms/article/view.do?type=posts&id=eec18a7b9b43f62c019c9e0d4398004d,eec18a7b9b43f62c019c9e0d4398004d,0.8,2026-06-06 16:42:49
选了这门课的同学该怎么办？,请在第三轮选课时间内更换其他课程。时间：2026年3月27日13:00至4月1日9:00。,教务教学,管理哲学 通识课 停开 第三轮选课 因病请假,关于通识课《管理哲学：“一带一路”视野下的管理学底层逻辑》停开的通知,2026.02.27,选课,https://jw.scut.edu.cn/zhinan/cms/article/view.do?type=posts&id=eec18a7b9b43f62c019c9e0d4398004d,eec18a7b9b43f62c019c9e0d4398004d,0.8,2026-06-06 16:42:49
全球治理系列课程怎么报名？,关注'高层次国际化人才培养加油站'公众号，根据推文完成注册和选课，学校审核后公布名单，通过后可在课程官网查看课表。,教务教学,全球治理课程 报名 选课 线上课程 考核,关于开展2026年春季学期全球治理系列课程报名工作的通知,2026.03.03,交流,https://jw.scut.edu.cn/zhinan/cms/article/view.do?type=posts&id=eec18a7b9b43f62c019cb2ed20f70057,eec18a7b9b43f62c019cb2ed20f70057,0.8,2026-06-06 16:42:55
课程形式和考核方式是什么？,线上录播+直播，总成绩基础分100分（含60分及格线），附加分10分，总成绩60分及以上为合格。,教务教学,全球治理课程 报名 选课 线上课程 考核,关于开展2026年春季学期全球治理系列课程报名工作的通知,2026.03.03,交流,https://jw.scut.edu.cn/zhinan/cms/article/view.do?type=posts&id=eec18a7b9b43f62c019cb2ed20f70057,eec18a7b9b43f62c019cb2ed20f70057,0.8,2026-06-06 16:42:55
报名需要满足哪些条件？,全日制本科在读，成绩优异无不及格，无违纪，较好的国际视野和英语能力（雅思5.5/托福75/四级500/六级480以上之一），有组织纪律性和团队意识。,教务教学,全球治理课程 报名 选课 线上课程 考核,关于开展2026年春季学期全球治理系列课程报名工作的通知,2026.03.03,交流,https://jw.scut.edu.cn/zhinan/cms/article/view.do?type=posts&id=eec18a7b9b43f62c019cb2ed20f70057,eec18a7b9b43f62c019cb2ed20f70057,0.8,2026-06-06 16:42:55
为什么《影视编导与制作》课程停开了？,任课教师因病请假，无法正常完成教学任务，学校决定取消该课程。,教务教学,影视编导与制作 停开 通识课 选课 任课教师请假,关于通识课《影视编导与制作》停开的通知,2026.03.04,选课,https://jw.scut.edu.cn/zhinan/cms/article/view.do?type=posts&id=eec18a7b9b43f62c019cb6862b380059,eec18a7b9b43f62c019cb6862b380059,0.8,2026-06-06 16:43:09
我选了这门课，接下来该怎么办？,请及时调整学习计划，在通识课第三轮选课时间内更换其他课程。,教务教学,影视编导与制作 停开 通识课 选课 任课教师请假,关于通识课《影视编导与制作》停开的通知,2026.03.04,选课,https://jw.scut.edu.cn/zhinan/cms/article/view.do?type=posts&id=eec18a7b9b43f62c019cb6862b380059,eec18a7b9b43f62c019cb6862b380059,0.8,2026-06-06 16:43:09
公共课重考时间安排是怎样的？,2025-2026学年第二学期公共课重考时间已公布，涵盖化学、物理、数学、外语等学院课程，具体时间分布在3月14日至4月12日期间。,教务教学,重考 公共课 时间安排 2025-2026 第二学期,关于2025-2026学年第二学期公共课重考时间安排表,2026.03.06,考试,https://jw.scut.edu.cn/zhinan/cms/article/view.do?type=posts&id=eec18a7b9b43f62c019cc1e5e3920060,eec18a7b9b43f62c019cc1e5e3920060,0.8,2026-06-06 16:43:16
大学物理的重考时间是什么时候？,大学物理Ⅰ(二)、大学物理Ⅲ(二)等课程重考时间为第二周周日（3月15日）9:00-11:00。,教务教学,重考 公共课 时间安排 2025-2026 第二学期,关于2025-2026学年第二学期公共课重考时间安排表,2026.03.06,考试,https://jw.scut.edu.cn/zhinan/cms/article/view.do?type=posts&id=eec18a7b9b43f62c019cc1e5e3920060,eec18a7b9b43f62c019cc1e5e3920060,0.8,2026-06-06 16:43:16
如何报名参加国际公务员职业生涯规划讲座？,扫描讲座海报二维码，进入预约界面，选择场次点击【预约讲座】，新用户需完善信息，收到报名成功通知即预约成功。三场需单独预约。,校园活动,讲座 国际公务员 职业生涯 报名 联合国,关于开展2026年春季学期国际公务员职业生涯规划讲座的通知,2026.03.10,交流,https://jw.scut.edu.cn/zhinan/cms/article/view.do?type=posts&id=eec18a7b9b43f62c019cd72d322b006a,eec18a7b9b43f62c019cd72d322b006a,0.8,2026-06-06 16:43:21
讲座有哪些主题和时间？,第一场：3月11日 20:00-21:00，联合国难民署官员主讲；第二场：3月12日 20:00-21:00，国际劳工组织官员主讲软技能；第三场：3月13日 20:00-21:00，东南亚教育部长组织研究员分享实习经验。,校园活动,讲座 国际公务员 职业生涯 报名 联合国,关于开展2026年春季学期国际公务员职业生涯规划讲座的通知,2026.03.10,交流,https://jw.scut.edu.cn/zhinan/cms/article/view.do?type=posts&id=eec18a7b9b43f62c019cd72d322b006a,eec18a7b9b43f62c019cd72d322b006a,0.8,2026-06-06 16:43:21
讲座有联系方式吗？,QQ通知群：863393575；本科院蒋老师：电话87110734，邮箱fwjiang@scut.edu.cn。,校园活动,讲座 国际公务员 职业生涯 报名 联合国,关于开展2026年春季学期国际公务员职业生涯规划讲座的通知,2026.03.10,交流,https://jw.scut.edu.cn/zhinan/cms/article/view.do?type=posts&id=eec18a7b9b43f62c019cd72d322b006a,eec18a7b9b43f62c019cd72d322b006a,0.8,2026-06-06 16:43:21
哪些通识课停开了？,停开课程包括高分子材料与工程、改变生活的材料、生涯规划与技巧、管理学原理、生产运作管理、产品创新设计理论与实践、行政公文写作、大数据社会治理概论、环境与生态、数字化学习、文化创意管理、颜色科学与技术、特医食品、食品营养与健康、美国历史与文化、艺术型研究、英语演讲艺术、健康教育、舞蹈基础与剧目（二）等。,教务教学,选课 通识课 停开 第三轮选课 改选,关于2025-2026学年第二学期部分通识课停开的通知,2026.03.16,选课,https://jw.scut.edu.cn/zhinan/cms/article/view.do?type=posts&id=eec18a7b9b43f62c019cf58db2ff0078,eec18a7b9b43f62c019cf58db2ff0078,0.8,2026-06-06 16:43:27
选了停开的通识课怎么办？,请已选课学生在第三轮选课中改选其它通识课。,教务教学,选课 通识课 停开 第三轮选课 改选,关于2025-2026学年第二学期部分通识课停开的通知,2026.03.16,选课,https://jw.scut.edu.cn/zhinan/cms/article/view.do?type=posts&id=eec18a7b9b43f62c019cf58db2ff0078,eec18a7b9b43f62c019cf58db2ff0078,0.8,2026-06-06 16:43:27
第三轮选课时间是什么时候？,第三轮选课时间为2026年（2025-2026学年第二学期第?周星期五13:00至第?周星期三9:00）。,教务教学,选课 通识课 停开 第三轮选课 改选,关于2025-2026学年第二学期部分通识课停开的通知,2026.03.16,选课,https://jw.scut.edu.cn/zhinan/cms/article/view.do?type=posts&id=eec18a7b9b43f62c019cf58db2ff0078,eec18a7b9b43f62c019cf58db2ff0078,0.8,2026-06-06 16:43:27
申请“华园高水平留学计划”本科插班生需要什么条件？,基本条件：中国国籍、无国外永居权、年满18周岁、身心健康、我校理工医类全日制本科生，外语满足留学单位要求。学业成绩：必修课GPA专业排名前50%，并已获得指定高水平大学交流项目录取资格。,教务教学,华园高水平留学计划 本科插班生 资助申请 留学条件 截止日期,关于开展“华园高水平留学计划”本科插班生专项申报工作的通知,2026.03.24,交流,https://jw.scut.edu.cn/zhinan/cms/article/view.do?type=posts&id=eec18a7b9b43f62c019d1d8ab3840087,eec18a7b9b43f62c019d1d8ab3840087,0.8,2026-06-06 16:43:33
资助内容包括哪些？,包括一次性往返国际旅费及签证费（实报实销，最高1.5万元）和留学期间奖学金生活费（参照国家公派标准）。每位学生在校期间只能享受一次。,教务教学,华园高水平留学计划 本科插班生 资助申请 留学条件 截止日期,关于开展“华园高水平留学计划”本科插班生专项申报工作的通知,2026.03.24,交流,https://jw.scut.edu.cn/zhinan/cms/article/view.do?type=posts&id=eec18a7b9b43f62c019d1d8ab3840087,eec18a7b9b43f62c019d1d8ab3840087,0.8,2026-06-06 16:43:33
如何申请资助？,获得项目录取后，登录学校门户-办事大厅-本科生院，提交资助申请并上传邀请函等材料，截止2026年7月1日。学院于7月3日17:00前完成线上审核，本科生院评审后确定名单。,教务教学,华园高水平留学计划 本科插班生 资助申请 留学条件 截止日期,关于开展“华园高水平留学计划”本科插班生专项申报工作的通知,2026.03.24,交流,https://jw.scut.edu.cn/zhinan/cms/article/view.do?type=posts&id=eec18a7b9b43f62c019d1d8ab3840087,eec18a7b9b43f62c019d1d8ab3840087,0.8,2026-06-06 16:43:33
本学期公共基础课期末考试时间怎么查？,详见通知中的《2025-2026学年第二学期公共基础课期末考试时间安排表》，例如军事理论线上考试6月6日（周四），微积分(二)6月2日（周一）上午等。,教务教学,期末考试 公共基础课 考试安排 机考 四六级,关于认真做好本科生2025-2026学年第二学期期末考试安排工作的通知,2026.04.13,考试,https://jw.scut.edu.cn/zhinan/cms/article/view.do?type=posts&id=eec18a7b9b43f62c019d85e7f32700b8,eec18a7b9b43f62c019d85e7f32700b8,0.8,2026-06-06 16:43:41
数据库技术及应用机考怎么安排？,数据库技术及应用课程上机考的具体时间和座位安排由计算机科学与工程学院发布考试通知。,教务教学,期末考试 公共基础课 考试安排 机考 四六级,关于认真做好本科生2025-2026学年第二学期期末考试安排工作的通知,2026.04.13,考试,https://jw.scut.edu.cn/zhinan/cms/article/view.do?type=posts&id=eec18a7b9b43f62c019d85e7f32700b8,eec18a7b9b43f62c019d85e7f32700b8,0.8,2026-06-06 16:43:41
四六级考试当天还能安排其他考试吗？,不能。6月13日（第15周星期六）为全国大学英语四、六级考试时间，期间不得安排其他考试。,教务教学,期末考试 公共基础课 考试安排 机考 四六级,关于认真做好本科生2025-2026学年第二学期期末考试安排工作的通知,2026.04.13,考试,https://jw.scut.edu.cn/zhinan/cms/article/view.do?type=posts&id=eec18a7b9b43f62c019d85e7f32700b8,eec18a7b9b43f62c019d85e7f32700b8,0.8,2026-06-06 16:43:41
香港城市大学“3+1+X”本硕博联合培养项目宣讲会的时间和地点是什么？,广州国际校区：4月15日16:00-17:00 B1-c101，19:00-20:00 F3-c311；大学城校区：4月16日16:30-17:30 A4-204。,教务教学,香港城市大学 3+1+X 本硕博联合培养 宣讲会 招生政策,关于举行香港城市大学“3+1+X”本硕博联合培养项目宣讲会的通知,2026.04.15,交流,https://jw.scut.edu.cn/zhinan/cms/article/view.do?type=posts&id=eec18a7b9b43f62c019d8f3a826a00bb,eec18a7b9b43f62c019d8f3a826a00bb,0.8,2026-06-06 16:43:46
这个项目面向哪些学生？学习流程是怎样的？,面向我校大三、大四本科生。入选后在香港城市大学青岛研究院学习一年，之后可赴香港本部攻读一年制授课型硕士、两年制研究型硕士或四年制博士。,教务教学,香港城市大学 3+1+X 本硕博联合培养 宣讲会 招生政策,关于举行香港城市大学“3+1+X”本硕博联合培养项目宣讲会的通知,2026.04.15,交流,https://jw.scut.edu.cn/zhinan/cms/article/view.do?type=posts&id=eec18a7b9b43f62c019d8f3a826a00bb,eec18a7b9b43f62c019d8f3a826a00bb,0.8,2026-06-06 16:43:46
香港城市大学在最新排名中表现如何？,2025-2026年U.S.News全球第54位；2026年QS亚洲第7位；2026年QS世界大学排名“教员论文平均被引用次数”全球第2位、亚洲第1位；2024年THE世界年轻大学第4位；连续三年被评为全球最国际化大学。,教务教学,香港城市大学 3+1+X 本硕博联合培养 宣讲会 招生政策,关于举行香港城市大学“3+1+X”本硕博联合培养项目宣讲会的通知,2026.04.15,交流,https://jw.scut.edu.cn/zhinan/cms/article/view.do?type=posts&id=eec18a7b9b43f62c019d8f3a826a00bb,eec18a7b9b43f62c019d8f3a826a00bb,0.8,2026-06-06 16:43:46
“走向世界的新青年”系列讲座第一讲是什么内容？,主题为从‘拼学历’到‘拼出路’，由就业咨询专家袁军主讲，讲解央国企、事业单位、新媒体等12条就业路径，时间为2026年4月16日19:00-20:30。,校园活动,讲座 就业 国际组织 科技兴国 青年,【转载】 “走向世界的新青年”系列讲座春季开启！5场重磅分享，为你打开未来的N种可能,2026.04.15,交流,https://jw.scut.edu.cn/zhinan/cms/article/view.do?type=posts&id=eec18a7b9b43f62c019d8f3b431800bd,eec18a7b9b43f62c019d8f3b431800bd,0.8,2026-06-06 16:43:49
想了解国际组织实习需要哪些技能？,第二讲由联合国日内瓦办事处首席训练师Marie-José Astre-Démoulin分享跨文化沟通、冲突解决等经验，时间为2026年4月17日19:00-20:30。,校园活动,讲座 就业 国际组织 科技兴国 青年,【转载】 “走向世界的新青年”系列讲座春季开启！5场重磅分享，为你打开未来的N种可能,2026.04.15,交流,https://jw.scut.edu.cn/zhinan/cms/article/view.do?type=posts&id=eec18a7b9b43f62c019d8f3b431800bd,eec18a7b9b43f62c019d8f3b431800bd,0.8,2026-06-06 16:43:49
未来教师工作坊第七期培训什么内容？,帮助教师掌握PPT及素材的生成和处理方法，AI赋能PPT制作。,教务教学,未来教师工作坊 AI赋能 PPT制作 培训 报名,关于开展未来教师工作坊（第七期）——AI赋能PPT制作培训的通知,2026.05.12,教师,https://jw.scut.edu.cn/zhinan/cms/article/view.do?type=posts&id=eec18a7b9dfc61df019e1b35af1a006c,eec18a7b9dfc61df019e1b35af1a006c,0.8,2026-06-06 16:43:55
培训的时间和地点是什么？,2026年5月14日（星期四）和5月19日（星期二）下午14:30-17:30，五山校区一号楼1511培训室，两次内容一致。,教务教学,未来教师工作坊 AI赋能 PPT制作 培训 报名,关于开展未来教师工作坊（第七期）——AI赋能PPT制作培训的通知,2026.05.12,教师,https://jw.scut.edu.cn/zhinan/cms/article/view.do?type=posts&id=eec18a7b9dfc61df019e1b35af1a006c,eec18a7b9dfc61df019e1b35af1a006c,0.8,2026-06-06 16:43:55
如何报名参加？,填写线上报名表http://p0u.cn/f/quvk42，名额有限，额满即止。需提前10分钟签到，可自带笔记本电脑。,教务教学,未来教师工作坊 AI赋能 PPT制作 培训 报名,关于开展未来教师工作坊（第七期）——AI赋能PPT制作培训的通知,2026.05.12,教师,https://jw.scut.edu.cn/zhinan/cms/article/view.do?type=posts&id=eec18a7b9dfc61df019e1b35af1a006c,eec18a7b9dfc61df019e1b35af1a006c,0.8,2026-06-06 16:43:55
名企实习计划2.0有哪些拟立项项目？,公示了“名企实习计划2.0”示范项目（不含试点学院）的拟立项项目名单。,教务教学,名企实习计划 公示 拟立项项目 本科生院,关于公示“名企实习计划2.0”拟立项项目的通知,2026.05.13,实践,https://jw.scut.edu.cn/zhinan/cms/article/view.do?type=posts&id=eec18a7b9dfc61df019e1f351587006f,eec18a7b9dfc61df019e1f351587006f,0.8,2026-06-06 16:43:58
公示时间是什么时候？,2026年5月14日至5月18日。,教务教学,名企实习计划 公示 拟立项项目 本科生院,关于公示“名企实习计划2.0”拟立项项目的通知,2026.05.13,实践,https://jw.scut.edu.cn/zhinan/cms/article/view.do?type=posts&id=eec18a7b9dfc61df019e1f351587006f,eec18a7b9dfc61df019e1f351587006f,0.8,2026-06-06 16:43:58
对公示有异议如何反映？,可向本科生院实践科反映，电话：87111436，邮箱：shpg@scut.edu.cn，地址：五山校区笃行楼北座314。,教务教学,名企实习计划 公示 拟立项项目 本科生院,关于公示“名企实习计划2.0”拟立项项目的通知,2026.05.13,实践,https://jw.scut.edu.cn/zhinan/cms/article/view.do?type=posts&id=eec18a7b9dfc61df019e1f351587006f,eec18a7b9dfc61df019e1f351587006f,0.8,2026-06-06 16:43:58
第十三周优秀本科教学示范课什么时候上？,2026年5月29日第1-2节。,教务教学,优秀本科教学示范课 第十三周 人工智能导论 大学城校区 教学观摩,【优秀本科教学示范课】第十三周优秀本科教学示范课开课通知,2026.05.19,教师,https://jw.scut.edu.cn/zhinan/cms/article/view.do?type=posts&id=eec18a7b9dfc61df019e3f2d4a5c0089,eec18a7b9dfc61df019e3f2d4a5c0089,0.8,2026-06-06 16:44:03
示范课的课程名称和任课教师是谁？,课程是《人工智能导论》，由未来技术学院吴瀚聪副教授讲授。,教务教学,优秀本科教学示范课 第十三周 人工智能导论 大学城校区 教学观摩,【优秀本科教学示范课】第十三周优秀本科教学示范课开课通知,2026.05.19,教师,https://jw.scut.edu.cn/zhinan/cms/article/view.do?type=posts&id=eec18a7b9dfc61df019e3f2d4a5c0089,eec18a7b9dfc61df019e3f2d4a5c0089,0.8,2026-06-06 16:44:03
新教师研习营在训教师听课能获得学分吗？,可以，旁听示范课可获得教学观摩学分。,教务教学,优秀本科教学示范课 第十三周 人工智能导论 大学城校区 教学观摩,【优秀本科教学示范课】第十三周优秀本科教学示范课开课通知,2026.05.19,教师,https://jw.scut.edu.cn/zhinan/cms/article/view.do?type=posts&id=eec18a7b9dfc61df019e3f2d4a5c0089,eec18a7b9dfc61df019e3f2d4a5c0089,0.8,2026-06-06 16:44:03
如何报名参加2026年中国国际大学生创新大赛校赛？,5月19日至6月7日登录http://scut.cxcyedu.com报名并提交PPT，后续需在教育部系统开放后重新在官网报名。,校园活动,中国国际大学生创新大赛 校赛报名 赛道设置 参赛要求 赛程安排,关于中国国际大学生创新大赛（2026）校赛报名及选拔的通知,2026.05.19,实践,https://jw.scut.edu.cn/zhinan/cms/article/view.do?type=posts&id=eec18a7b9dfc61df019e3f6b2229008a,eec18a7b9dfc61df019e3f6b2229008a,0.8,2026-06-06 16:44:09
校赛有哪些赛道？,高教主赛道（含国际参赛项目）、“青年红色筑梦之旅”赛道和产业赛道。,校园活动,中国国际大学生创新大赛 校赛报名 赛道设置 参赛要求 赛程安排,关于中国国际大学生创新大赛（2026）校赛报名及选拔的通知,2026.05.19,实践,https://jw.scut.edu.cn/zhinan/cms/article/view.do?type=posts&id=eec18a7b9dfc61df019e3f6b2229008a,eec18a7b9dfc61df019e3f6b2229008a,0.8,2026-06-06 16:44:09
参赛团队人数和成员有什么要求？,每个团队3-15人，项目负责人不超过35岁，须为在校生或毕业5年内毕业生，成员须为项目实际核心成员。,校园活动,中国国际大学生创新大赛 校赛报名 赛道设置 参赛要求 赛程安排,关于中国国际大学生创新大赛（2026）校赛报名及选拔的通知,2026.05.19,实践,https://jw.scut.edu.cn/zhinan/cms/article/view.do?type=posts&id=eec18a7b9dfc61df019e3f6b2229008a,eec18a7b9dfc61df019e3f6b2229008a,0.8,2026-06-06 16:44:09
未来教师工作坊培训内容有哪些？,介绍百步梯学堂平台课程建设、模块功能、AI辅助批改、AI生图、AI出题、OCR、文档/视频AI功能、RAG知识库构建等。,教务教学,未来教师工作坊 智慧教学工具 AI辅助教学 百步梯学堂,关于开展未来教师工作坊（第九期）——百步梯学堂“课程中心”平台智慧教学工具应用培训的通知,2026.05.22,教师,https://jw.scut.edu.cn/zhinan/cms/article/view.do?type=posts&id=eec18a7b9dfc61df019e4d9746cc0096,eec18a7b9dfc61df019e4d9746cc0096,0.8,2026-06-06 16:44:13
培训时间和地点是什么？,2026年5月26日14:30-17:30，五山校区9号楼225。,教务教学,未来教师工作坊 智慧教学工具 AI辅助教学 百步梯学堂,关于开展未来教师工作坊（第九期）——百步梯学堂“课程中心”平台智慧教学工具应用培训的通知,2026.05.22,教师,https://jw.scut.edu.cn/zhinan/cms/article/view.do?type=posts&id=eec18a7b9dfc61df019e4d9746cc0096,eec18a7b9dfc61df019e4d9746cc0096,0.8,2026-06-06 16:44:13
名企实习计划2.0示范项目有哪些实施要求？,各立项项目应按计划推进实施，结合实习岗位特点有机融入劳动素养培育，引导学生树立正确劳动观念，并将劳动表现纳入实习综合评价。,教务教学,名企实习计划2.0 示范项目 立项 劳动素养培育 实践育人,关于公布“名企实习计划2.0”示范项目立项的通知,2026.05.22,实践,https://jw.scut.edu.cn/zhinan/cms/article/view.do?type=posts&id=eec18a7b9dfc61df019e4e71559f0097,eec18a7b9dfc61df019e4e71559f0097,0.8,2026-06-06 16:44:20
未来创新实验室2025年考核的对象是哪些？,在建设期的未来创新实验室。,教务教学,未来创新实验室 考核 年度报告 评审 黄色预警,关于开展未来创新实验室2025年考核工作的通知,2026.05.22,实践,https://jw.scut.edu.cn/zhinan/cms/article/view.do?type=posts&id=eec18a7b9dfc61df019e4e770d770098,eec18a7b9dfc61df019e4e770d770098,0.8,2026-06-06 16:44:24
考核需要提交哪些材料？,年度报告和证明材料（如实验室使用记录、代表性成果、设备清单、典型图片等），一式四份纸质版及电子版。,教务教学,未来创新实验室 考核 年度报告 评审 黄色预警,关于开展未来创新实验室2025年考核工作的通知,2026.05.22,实践,https://jw.scut.edu.cn/zhinan/cms/article/view.do?type=posts&id=eec18a7b9dfc61df019e4e770d770098,eec18a7b9dfc61df019e4e770d770098,0.8,2026-06-06 16:44:24
考核结果有什么影响？,通过或黄色预警。黄色预警不再拨付2026年运行经费，连续两年取消头衔。,教务教学,未来创新实验室 考核 年度报告 评审 黄色预警,关于开展未来创新实验室2025年考核工作的通知,2026.05.22,实践,https://jw.scut.edu.cn/zhinan/cms/article/view.do?type=posts&id=eec18a7b9dfc61df019e4e770d770098,eec18a7b9dfc61df019e4e770d770098,0.8,2026-06-06 16:44:24
申请前往境内高校交流学习需要什么条件？,思想品德优良，无违纪记录；学习成绩优良，必修课无不及格；身心健康；承诺如期返校并承担相关费用；特殊类学生除外。,教务教学,选派本科生 境内高校交流 申请条件 费用缴纳 申请流程,关于选派本科生2026-2027学年第一学期赴境内高校交流学习的通知,2026.05.22,交流,https://jw.scut.edu.cn/zhinan/cms/article/view.do?type=posts&id=eec18a7b9dfc61df019e4ec7dcbc0099,eec18a7b9dfc61df019e4ec7dcbc0099,0.8,2026-06-06 16:44:28
交流学习的费用如何缴纳？,赴同济大学交流的学生，学费交至对方学校；赴其他高校交流的学生，学费在原学校缴纳。住宿费按交流学校标准缴纳，奖助贷学金由原学校发放，其他费用自理。,教务教学,选派本科生 境内高校交流 申请条件 费用缴纳 申请流程,关于选派本科生2026-2027学年第一学期赴境内高校交流学习的通知,2026.05.22,交流,https://jw.scut.edu.cn/zhinan/cms/article/view.do?type=posts&id=eec18a7b9dfc61df019e4ec7dcbc0099,eec18a7b9dfc61df019e4ec7dcbc0099,0.8,2026-06-06 16:44:28
如何申请交流学习？,6月2日前登录学校网上办事大厅，选择本科生院“本科生派出项目申请服务”提交申请；6月3日前院系审核，6月前本科生院公布名单。,教务教学,选派本科生 境内高校交流 申请条件 费用缴纳 申请流程,关于选派本科生2026-2027学年第一学期赴境内高校交流学习的通知,2026.05.22,交流,https://jw.scut.edu.cn/zhinan/cms/article/view.do?type=posts&id=eec18a7b9dfc61df019e4ec7dcbc0099,eec18a7b9dfc61df019e4ec7dcbc0099,0.8,2026-06-06 16:44:28
2026年通识教育课程立项名单公布了吗？,已公布，请相关课程负责人按申请书合理安排工作进程，做好课程建设。,教务教学,通识教育 课程立项 2026 本科生院 通知,关于公布2026年通识教育课程立项名单的通知,2026.05.25,信息,https://jw.scut.edu.cn/zhinan/cms/article/view.do?type=posts&id=eec18a7b9dfc61df019e5ca8f170009c,eec18a7b9dfc61df019e5ca8f170009c,0.8,2026-06-06 16:44:34
我是课程负责人，接下来该怎么做？,按照申请书合理安排工作进程，做好课程建设，确保课程取得预期成效。,教务教学,通识教育 课程立项 2026 本科生院 通知,关于公布2026年通识教育课程立项名单的通知,2026.05.25,信息,https://jw.scut.edu.cn/zhinan/cms/article/view.do?type=posts&id=eec18a7b9dfc61df019e5ca8f170009c,eec18a7b9dfc61df019e5ca8f170009c,0.8,2026-06-06 16:44:34
未来教师工作坊（第十期）的时间地点是什么？,2026年6月4日14:30-16:30，在一号楼智慧课室1304。,教务教学,未来教师工作坊 AI辅助 智慧课程 培训 报名,关于开展未来教师工作坊（第十期）——AI辅助智慧课程建设培训的通知,2026.05.25,教师,https://jw.scut.edu.cn/zhinan/cms/article/view.do?type=posts&id=eec18a7b9dfc61df019e5d304608009d,eec18a7b9dfc61df019e5d304608009d,0.8,2026-06-06 16:44:38
培训内容包括哪些？,包括课前备课（智能备课、AI出题）、课中授课（讲伴互动、课堂自动生成）、课后作业（智能批阅、24H智能学伴）等。,教务教学,未来教师工作坊 AI辅助 智慧课程 培训 报名,关于开展未来教师工作坊（第十期）——AI辅助智慧课程建设培训的通知,2026.05.25,教师,https://jw.scut.edu.cn/zhinan/cms/article/view.do?type=posts&id=eec18a7b9dfc61df019e5d304608009d,eec18a7b9dfc61df019e5d304608009d,0.8,2026-06-06 16:44:38
如何报名参加？,通过报名链接https://v.wjx.cn/vm/wnJhkjO.aspx#，名额30人，先报先得。需自带电脑并安装雨课堂插件。,教务教学,未来教师工作坊 AI辅助 智慧课程 培训 报名,关于开展未来教师工作坊（第十期）——AI辅助智慧课程建设培训的通知,2026.05.25,教师,https://jw.scut.edu.cn/zhinan/cms/article/view.do?type=posts&id=eec18a7b9dfc61df019e5d304608009d,eec18a7b9dfc61df019e5d304608009d,0.8,2026-06-06 16:44:38
培训时间是什么时候？,A班：2026年7月20日-8月12日每周一、三晚19:00-22:00；B班：7月21日-8月13日每周二、四晚19:00-22:00，另有2场讲座穿插。,教务教学,全英授课 教师培训 EMI培训 报名 英语测试,关于开展2026年全英授课教师教学能力培训的通知,2026.05.28,教师,https://jw.scut.edu.cn/zhinan/cms/article/view.do?type=posts&id=eec18a7b9dfc61df019e6c0ead3400ac,eec18a7b9dfc61df019e6c0ead3400ac,0.8,2026-06-06 16:44:43
哪些教师可以参加培训？,校内已通过全英课立项或即将申报全英课的专任教师，重点为国际校区全英授课教师，且未通过往期EMI培训的老师。英语需托福79、雅思6.0、四级500或六级470。,教务教学,全英授课 教师培训 EMI培训 报名 英语测试,关于开展2026年全英授课教师教学能力培训的通知,2026.05.28,教师,https://jw.scut.edu.cn/zhinan/cms/article/view.do?type=posts&id=eec18a7b9dfc61df019e6c0ead3400ac,eec18a7b9dfc61df019e6c0ead3400ac,0.8,2026-06-06 16:44:43
如何报名？,6月8日前登录https://v.wjx.cn/vm/wFJEwDZ.aspx报名，需参加Pearson英语在线测试，由承训方根据测试成绩录取。,教务教学,全英授课 教师培训 EMI培训 报名 英语测试,关于开展2026年全英授课教师教学能力培训的通知,2026.05.28,教师,https://jw.scut.edu.cn/zhinan/cms/article/view.do?type=posts&id=eec18a7b9dfc61df019e6c0ead3400ac,eec18a7b9dfc61df019e6c0ead3400ac,0.8,2026-06-06 16:44:43
申请这个Mitacs奖学金需要满足什么条件？,需为中国公民、年龄满18周岁、四年制本科三年级或五年制本科四年级在读，成绩平均分不低于85分，无不及格科目，符合外语条件等。,综合咨询,Mitacs 本科生实习 奖学金 加拿大 国家留学基金委,2027年加拿大Mitacs本科生实习合作奖学金遴选通知,2026.05.28,交流,https://jw.scut.edu.cn/zhinan/cms/article/view.do?type=posts&id=eec18a7b9dfc61df019e6c8455e000ad,eec18a7b9dfc61df019e6c8455e000ad,0.8,2026-06-06 16:44:47
资助内容包括哪些？,国家留学基金委提供2个月生活费（1800加元/月）、一次国际旅费和签证费；Mitacs提供1个月生活费（2200加元/月）和加方管理费、医疗保险。,综合咨询,Mitacs 本科生实习 奖学金 加拿大 国家留学基金委,2027年加拿大Mitacs本科生实习合作奖学金遴选通知,2026.05.28,交流,https://jw.scut.edu.cn/zhinan/cms/article/view.do?type=posts&id=eec18a7b9dfc61df019e6c8455e000ad,eec18a7b9dfc61df019e6c8455e000ad,0.8,2026-06-06 16:44:47
申请的时间节点是怎样的？,2026年8月5日至9月17日登录Mitacs系统申请；12月17日前Mitacs匹配；12月30日前登录国家公派平台报名；2027年1月8日学校审核，2月底录取，暑期派出。,综合咨询,Mitacs 本科生实习 奖学金 加拿大 国家留学基金委,2027年加拿大Mitacs本科生实习合作奖学金遴选通知,2026.05.28,交流,https://jw.scut.edu.cn/zhinan/cms/article/view.do?type=posts&id=eec18a7b9dfc61df019e6c8455e000ad,eec18a7b9dfc61df019e6c8455e000ad,0.8,2026-06-06 16:44:47
数字教材建设工作坊什么时候举行？,2026年5月28日（星期四）14:40-17:00，在五山校区逸夫科学馆404会议室。,教务教学,数字教材 建设工作坊 培训 报名 学分,关于开展数字教材建设工作坊的通知,2026.05.28,教师,https://jw.scut.edu.cn/zhinan/cms/article/view.do?type=posts&id=eec18a7b9dfc61df019e6c85e50d00ae,eec18a7b9dfc61df019e6c85e50d00ae,0.8,2026-06-06 16:44:52
参加这个工作坊能获得什么学分？,可计入新教师研习营主题研讨学分或教师三年轮训计划学时。,教务教学,数字教材 建设工作坊 培训 报名 学分,关于开展数字教材建设工作坊的通知,2026.05.28,教师,https://jw.scut.edu.cn/zhinan/cms/article/view.do?type=posts&id=eec18a7b9dfc61df019e6c85e50d00ae,eec18a7b9dfc61df019e6c85e50d00ae,0.8,2026-06-06 16:44:52
